{"accuracy": -1, "loss": 40.734764099121094, "kl": 5.220059394836426, "elbo": 40.7608642578125, "_timestamp": 1723117121.139786, "_runtime": 32.59124302864075, "_step": 25, "_wandb": {"runtime": 32}}