{"accuracy": -1, "loss": 40.734764099121094, "_timestamp": 1723116885.300119, "_runtime": 36.77781891822815, "_step": 25, "_wandb": {"runtime": 36}}