{"accuracy": -1, "loss": 40.734764099121094, "loss_syntax": 1.0832186937332153, "loss_value": 99.12886047363281, "kl": 5.220059394836426, "alpha": 0.005, "elbo": 40.7608642578125, "_timestamp": 1723117460.971779, "_runtime": 36.07261800765991, "_step": 25, "_wandb": {"runtime": 35}}